"date","msft","aapl"
"2010-01-04",30.95,214.01
"2010-01-05",30.96,214.38
"2010-01-06",30.77,210.97
"2010-01-07",30.45,210.58
"2010-01-08",30.66,211.98
"2010-01-11",30.27,210.11
"2010-01-12",30.07,207.72
"2010-01-13",30.35,210.65
"2010-01-14",30.96,209.43
"2010-01-15",30.86,205.93
"2010-01-19",31.1,215.04
"2010-01-20",30.59,211.73
"2010-01-21",30.01,208.07
"2010-01-22",28.96,197.75
"2010-01-25",29.32,203.07
"2010-01-26",29.5,205.94
"2010-01-27",29.67,207.88
"2010-01-28",29.16,199.29
"2010-01-29",28.18,192.06
"2010-02-01",28.41,194.73
"2010-02-02",28.46,195.86
"2010-02-03",28.63,199.23
"2010-02-04",27.84,192.05
"2010-02-05",28.02,195.46
"2010-02-08",27.72,194.12
"2010-02-09",28.01,196.19
"2010-02-10",27.99,195.12
"2010-02-11",28.12,198.67
"2010-02-12",27.93,200.38
"2010-02-16",28.35,203.4
"2010-02-17",28.59,202.55
"2010-02-18",28.97,202.93
"2010-02-19",28.77,201.67
"2010-02-22",28.73,200.42
"2010-02-23",28.33,197.06
"2010-02-24",28.63,200.66
"2010-02-25",28.6,202
"2010-02-26",28.67,204.62
"2010-03-01",29.02,208.99
"2010-03-02",28.46,208.85
"2010-03-03",28.46,209.33
"2010-03-04",28.63,210.71
"2010-03-05",28.59,218.95
"2010-03-08",28.63,219.08
"2010-03-09",28.8,223.02
"2010-03-10",28.97,224.84
"2010-03-11",29.18,225.5
"2010-03-12",29.27,226.6
"2010-03-15",29.29,223.84
"2010-03-16",29.37,224.45
"2010-03-17",29.63,224.12
"2010-03-18",29.61,224.65
"2010-03-19",29.59,222.25
"2010-03-22",29.6,224.75
"2010-03-23",29.88,228.36
"2010-03-24",29.65,229.37
"2010-03-25",30.01,226.65
"2010-03-26",29.66,230.9
"2010-03-29",29.59,232.39
"2010-03-30",29.77,235.85
"2010-03-31",29.29,235
"2010-04-01",29.16,235.97
"2010-04-05",29.27,238.49
"2010-04-06",29.32,239.54
"2010-04-07",29.35,240.6
"2010-04-08",29.92,239.95
"2010-04-09",30.34,241.79
"2010-04-12",30.32,242.29
"2010-04-13",30.45,242.43
"2010-04-14",30.82,245.69
"2010-04-15",30.87,248.92
"2010-04-16",30.67,247.4
"2010-04-19",31.04,247.07
"2010-04-20",31.36,244.59
"2010-04-21",31.33,259.22
"2010-04-22",31.39,266.47
"2010-04-23",30.96,270.83
"2010-04-26",31.11,269.5
"2010-04-27",30.85,262.04
"2010-04-28",30.91,261.6
"2010-04-29",31,268.64
"2010-04-30",30.54,261.09
"2010-05-03",30.86,266.35
"2010-05-04",30.13,258.68
"2010-05-05",29.85,255.99
"2010-05-06",28.98,246.25
"2010-05-07",28.21,235.86
"2010-05-10",28.94,253.99
"2010-05-11",28.88,256.52
"2010-05-12",29.44,262.09
"2010-05-13",29.24,258.36
"2010-05-14",28.93,253.82
"2010-05-17",28.94,254.22
"2010-05-18",28.6,252.36
"2010-05-19",28.24,248.34
"2010-05-20",27.11,237.76
"2010-05-21",26.84,242.32
"2010-05-24",26.27,246.76
"2010-05-25",26.07,245.22
"2010-05-26",25.01,244.11
"2010-05-27",26,253.35
"2010-05-28",25.8,256.88
"2010-06-01",25.89,260.83
"2010-06-02",26.46,263.95
"2010-06-03",26.86,263.12
"2010-06-04",25.79,255.96
"2010-06-07",25.29,250.94
"2010-06-08",25.11,249.33
"2010-06-09",24.79,243.2
"2010-06-10",25,250.51
"2010-06-11",25.66,253.51
"2010-06-14",25.5,254.28
"2010-06-15",26.58,259.69
"2010-06-16",26.32,267.25
"2010-06-17",26.37,271.87
"2010-06-18",26.44,274.07
"2010-06-21",25.95,270.17
"2010-06-22",25.77,273.85
"2010-06-23",25.31,270.97
"2010-06-24",25,269
"2010-06-25",24.53,266.7
"2010-06-28",24.31,268.3
"2010-06-29",23.31,256.17
"2010-06-30",23.01,251.53
"2010-07-01",23.16,248.48
"2010-07-02",23.27,246.94
"2010-07-06",23.82,248.63
"2010-07-07",24.3,258.67
"2010-07-08",24.41,258.09
"2010-07-09",24.27,259.62
"2010-07-12",24.83,257.29
"2010-07-13",25.13,251.8
"2010-07-14",25.44,252.73
"2010-07-15",25.51,251.45
"2010-07-16",24.89,249.9
"2010-07-19",25.23,245.58
"2010-07-20",25.48,251.89
"2010-07-21",25.12,254.24
"2010-07-22",25.84,259.02
"2010-07-23",25.81,259.94
"2010-07-26",26.1,259.28
"2010-07-27",26.16,264.08
"2010-07-28",25.95,260.96
"2010-07-29",26.03,258.11
"2010-07-30",25.81,257.25
"2010-08-02",26.33,261.85
"2010-08-03",26.16,261.93
"2010-08-04",25.73,262.98
"2010-08-05",25.37,261.7
"2010-08-06",25.55,260.09
"2010-08-09",25.61,261.75
"2010-08-10",25.07,259.41
"2010-08-11",24.86,250.19
"2010-08-12",24.49,251.79
"2010-08-13",24.4,249.1
"2010-08-16",24.5,247.64
"2010-08-17",24.71,251.97
"2010-08-18",24.82,253.07
"2010-08-19",24.44,249.88
"2010-08-20",24.23,249.64
"2010-08-23",24.28,245.8
"2010-08-24",24.04,239.93
"2010-08-25",24.1,242.89
"2010-08-26",23.82,240.28
"2010-08-27",23.93,241.62
"2010-08-30",23.64,242.5
"2010-08-31",23.47,243.1
"2010-09-01",23.9,250.33
"2010-09-02",23.94,252.17
"2010-09-03",24.29,258.77
"2010-09-07",23.96,257.81
"2010-09-08",23.93,262.92
"2010-09-09",24.01,263.07
"2010-09-10",23.85,263.41
"2010-09-13",25.11,267.04
"2010-09-14",25.03,268.06
"2010-09-15",25.12,270.22
"2010-09-16",25.33,276.57
"2010-09-17",25.22,275.37
"2010-09-20",25.43,283.23
"2010-09-21",25.15,283.77
"2010-09-22",24.61,287.75
"2010-09-23",24.43,288.92
"2010-09-24",24.78,292.32
"2010-09-27",24.73,291.16
"2010-09-28",24.68,286.86
"2010-09-29",24.5,287.37
"2010-09-30",24.49,283.75
"2010-10-01",24.38,282.52
"2010-10-04",23.91,278.64
"2010-10-05",24.35,288.94
"2010-10-06",24.43,289.19
"2010-10-07",24.53,289.22
"2010-10-08",24.57,294.07
"2010-10-11",24.59,295.36
"2010-10-12",24.83,298.54
"2010-10-13",25.34,300.14
"2010-10-14",25.23,302.31
"2010-10-15",25.54,314.74
"2010-10-18",25.82,318
"2010-10-19",25.1,309.49
"2010-10-20",25.31,310.53
"2010-10-21",25.42,309.52
"2010-10-22",25.38,307.47
"2010-10-25",25.19,308.84
"2010-10-26",25.9,308.05
"2010-10-27",26.05,307.83
"2010-10-28",26.28,305.24
"2010-10-29",26.67,300.98
"2010-11-01",26.95,304.18
"2010-11-02",27.39,309.36
"2010-11-03",27.03,312.8
"2010-11-04",27.14,318.27
"2010-11-05",26.85,317.13
"2010-11-08",26.81,318.62
"2010-11-09",26.95,316.08
"2010-11-10",26.94,318.03
"2010-11-11",26.68,316.65
"2010-11-12",26.27,308.03
"2010-11-15",26.2,307.04
"2010-11-16",25.81,301.59
"2010-11-17",25.57,300.5
"2010-11-18",25.84,308.43
"2010-11-19",25.69,306.73
"2010-11-22",25.73,313.36
"2010-11-23",25.12,308.73
"2010-11-24",25.37,314.8
"2010-11-26",25.25,315
"2010-11-29",25.31,316.87
"2010-11-30",25.26,311.15
"2010-12-01",26.04,316.4
"2010-12-02",26.89,318.15
"2010-12-03",27.02,317.44
"2010-12-06",26.84,320.15
"2010-12-07",26.87,318.21
"2010-12-08",27.23,321.01
"2010-12-09",27.08,319.76
"2010-12-10",27.34,320.56
"2010-12-13",27.25,321.67
"2010-12-14",27.62,320.29
"2010-12-15",27.85,320.36
"2010-12-16",27.99,321.25
"2010-12-17",27.9,320.61
"2010-12-20",27.81,322.21
"2010-12-21",28.07,324.2
"2010-12-22",28.19,325.16
"2010-12-23",28.3,323.6
"2010-12-27",28.07,324.68
"2010-12-28",28.01,325.47
"2010-12-29",27.97,325.29
"2010-12-30",27.85,323.66
"2010-12-31",27.91,322.56
"2011-01-03",27.98,329.57
"2011-01-04",28.09,331.29
"2011-01-05",28,334
"2011-01-06",28.82,333.73
"2011-01-07",28.6,336.12
"2011-01-10",28.22,342.45
"2011-01-11",28.11,341.64
"2011-01-12",28.55,344.42
"2011-01-13",28.19,345.68
"2011-01-14",28.3,348.48
"2011-01-18",28.66,340.65
"2011-01-19",28.47,338.84
"2011-01-20",28.35,332.68
"2011-01-21",28.02,326.72
"2011-01-24",28.38,337.45
"2011-01-25",28.45,341.4
"2011-01-26",28.78,343.85
"2011-01-27",28.87,343.21
"2011-01-28",27.75,336.1
"2011-01-31",27.73,339.32
"2011-02-01",27.99,345.03
"2011-02-02",27.94,344.32
"2011-02-03",27.65,343.44
"2011-02-04",27.77,346.5
"2011-02-07",28.2,351.88
"2011-02-08",28.28,355.2
"2011-02-09",27.97,358.16
"2011-02-10",27.5,354.54
"2011-02-11",27.25,356.85
"2011-02-14",27.23,359.18
"2011-02-15",26.96,359.9
"2011-02-16",27.02,363.13
"2011-02-17",27.21,358.3
"2011-02-18",27.06,350.56
"2011-02-22",26.59,338.61
"2011-02-23",26.59,342.62
"2011-02-24",26.77,342.88
"2011-02-25",26.55,348.16
"2011-02-28",26.58,353.21
"2011-03-01",26.16,349.31
"2011-03-02",26.08,352.12
"2011-03-03",26.2,359.56
"2011-03-04",25.95,360
"2011-03-07",25.72,355.36
"2011-03-08",25.91,355.76
"2011-03-09",25.89,352.47
"2011-03-10",25.41,346.67
"2011-03-11",25.68,351.99
"2011-03-14",25.69,353.56
"2011-03-15",25.39,345.43
"2011-03-16",24.79,330.01
"2011-03-17",24.78,334.64
"2011-03-18",24.8,330.67
"2011-03-21",25.33,339.3
"2011-03-22",25.3,341.2
"2011-03-23",25.54,339.19
"2011-03-24",25.81,344.97
"2011-03-25",25.62,351.54
"2011-03-28",25.41,350.44
"2011-03-29",25.49,350.96
"2011-03-30",25.61,348.63
"2011-03-31",25.39,348.51
"2011-04-01",25.48,344.56
"2011-04-04",25.55,341.19
"2011-04-05",25.78,338.89
"2011-04-06",26.15,338.04
"2011-04-07",26.2,338.08
"2011-04-08",26.07,335.06
"2011-04-11",25.98,330.8
"2011-04-12",25.64,332.4
"2011-04-13",25.63,336.13
"2011-04-14",25.42,332.42
"2011-04-15",25.37,327.46
"2011-04-18",25.08,331.85
"2011-04-19",25.15,337.86
"2011-04-20",25.76,342.41
"2011-04-21",25.52,350.7
"2011-04-25",25.61,353.01
"2011-04-26",26.19,350.42
"2011-04-27",26.38,350.15
"2011-04-28",26.71,346.75
"2011-04-29",25.92,350.13
"2011-05-02",25.66,346.28
"2011-05-03",25.81,348.2
"2011-05-04",26.06,349.57
"2011-05-05",25.79,346.75
"2011-05-06",25.87,346.66
"2011-05-09",25.83,347.6
"2011-05-10",25.67,349.45
"2011-05-11",25.36,347.23
"2011-05-12",25.32,346.57
"2011-05-13",25.03,340.5
"2011-05-16",24.57,333.3
"2011-05-17",24.52,336.14
"2011-05-18",24.69,339.87
"2011-05-19",24.72,340.53
"2011-05-20",24.49,335.22
"2011-05-23",24.17,334.4
"2011-05-24",24.15,332.19
"2011-05-25",24.19,336.78
"2011-05-26",24.67,335
"2011-05-27",24.76,337.41
"2011-05-31",25.01,347.83
"2011-06-01",24.43,345.51
"2011-06-02",24.22,346.1
"2011-06-03",23.91,343.44
"2011-06-06",24.01,338.04
"2011-06-07",24.06,332.04
"2011-06-08",23.94,332.24
"2011-06-09",23.96,331.49
"2011-06-10",23.71,325.9
"2011-06-13",24.04,326.6
"2011-06-14",24.22,332.44
"2011-06-15",23.74,326.75
"2011-06-16",24,325.16
"2011-06-17",24.26,320.26
"2011-06-20",24.47,315.32
"2011-06-21",24.76,325.3
"2011-06-22",24.65,322.61
"2011-06-23",24.63,331.23
"2011-06-24",24.3,326.35
"2011-06-27",25.2,332.04
"2011-06-28",25.8,335.26
"2011-06-29",25.62,334.04
"2011-06-30",26,335.67
"2011-07-01",26.02,343.26
"2011-07-05",26.03,349.43
"2011-07-06",26.33,351.76
"2011-07-07",26.77,357.2
"2011-07-08",26.92,359.71
"2011-07-11",26.63,354
"2011-07-12",26.54,353.75
"2011-07-13",26.63,358.02
"2011-07-14",26.47,357.77
"2011-07-15",26.78,364.92
"2011-07-18",26.59,373.8
"2011-07-19",27.54,376.85
"2011-07-20",27.06,386.9
"2011-07-21",27.1,387.29
"2011-07-22",27.53,393.3
"2011-07-25",27.91,398.5
"2011-07-26",28.08,403.41
"2011-07-27",27.33,392.59
"2011-07-28",27.72,391.82
"2011-07-29",27.4,390.48
"2011-08-01",27.27,396.75
"2011-08-02",26.8,388.91
"2011-08-03",26.92,392.57
"2011-08-04",25.94,377.37
"2011-08-05",25.68,373.62
"2011-08-08",24.48,353.21
"2011-08-09",25.58,374.01
"2011-08-10",24.2,363.69
"2011-08-11",25.19,373.7
"2011-08-12",25.1,376.99
"2011-08-15",25.51,383.41
"2011-08-16",25.35,380.48
"2011-08-17",25.25,380.44
"2011-08-18",24.67,366.05
"2011-08-19",24.05,356.03
"2011-08-22",23.98,356.44
"2011-08-23",24.72,373.6
"2011-08-24",24.9,376.18
"2011-08-25",24.57,373.72
"2011-08-26",25.25,383.58
"2011-08-29",25.84,389.97
"2011-08-30",26.23,389.99
"2011-08-31",26.6,384.83
"2011-09-01",26.21,381.03
"2011-09-02",25.8,374.05
"2011-09-06",25.51,379.74
"2011-09-07",26,383.93
"2011-09-08",26.22,384.14
"2011-09-09",25.74,377.48
"2011-09-12",25.89,379.94
"2011-09-13",26.04,384.62
"2011-09-14",26.5,389.3
"2011-09-15",26.99,392.96
"2011-09-16",27.12,400.5
"2011-09-19",27.21,411.63
"2011-09-20",26.98,413.45
"2011-09-21",25.99,412.14
"2011-09-22",25.06,401.82
"2011-09-23",25.06,404.3
"2011-09-26",25.44,403.17
"2011-09-27",25.67,399.26
"2011-09-28",25.58,397.01
"2011-09-29",25.45,390.57
"2011-09-30",24.89,381.32
"2011-10-03",24.53,374.6
"2011-10-04",25.34,372.5
"2011-10-05",25.89,378.25
"2011-10-06",26.34,377.37
"2011-10-07",26.25,369.8
"2011-10-10",26.94,388.81
"2011-10-11",27,400.29
"2011-10-12",26.96,402.19
"2011-10-13",27.18,408.43
"2011-10-14",27.27,422
"2011-10-17",26.98,419.99
"2011-10-18",27.31,422.24
"2011-10-19",27.13,398.62
"2011-10-20",27.04,395.31
"2011-10-21",27.16,392.87
"2011-10-24",27.19,405.77
"2011-10-25",26.81,397.77
"2011-10-26",26.59,400.6
"2011-10-27",27.25,404.69
"2011-10-28",26.98,404.95
"2011-10-31",26.63,404.78
"2011-11-01",25.99,396.51
"2011-11-02",26.01,397.41
"2011-11-03",26.53,403.07
"2011-11-04",26.25,400.24
"2011-11-07",26.8,399.73
"2011-11-08",27.16,406.23
"2011-11-09",26.2,395.28
"2011-11-10",26.28,385.22
"2011-11-11",26.91,384.62
"2011-11-14",26.76,379.26
"2011-11-15",26.74,388.83
"2011-11-16",26.07,384.77
"2011-11-17",25.54,377.41
"2011-11-18",25.3,374.94
"2011-11-21",25,369.01
"2011-11-22",24.79,376.51
"2011-11-23",24.47,366.99
"2011-11-25",24.3,363.57
"2011-11-28",24.87,376.12
"2011-11-29",24.84,373.2
"2011-11-30",25.58,382.2
"2011-12-01",25.28,387.93
"2011-12-02",25.22,389.7
"2011-12-05",25.7,393.01
"2011-12-06",25.66,390.95
"2011-12-07",25.6,389.09
"2011-12-08",25.4,390.66
"2011-12-09",25.7,393.62
"2011-12-12",25.51,391.84
"2011-12-13",25.76,388.81
"2011-12-14",25.59,380.19
"2011-12-15",25.56,378.94
"2011-12-16",26,381.02
"2011-12-19",25.53,382.21
"2011-12-20",26.03,395.95
"2011-12-21",25.76,396.45
"2011-12-22",25.81,398.55
"2011-12-23",26.03,403.33
"2011-12-27",26.04,406.53
"2011-12-28",25.82,402.64
"2011-12-29",26.02,405.12
"2011-12-30",25.96,405
"2012-01-03",26.77,411.23
"2012-01-04",27.4,413.44
"2012-01-05",27.68,418.03
"2012-01-06",28.11,422.4
"2012-01-09",27.74,421.73
"2012-01-10",27.84,423.24
"2012-01-11",27.72,422.55
"2012-01-12",28,421.39
"2012-01-13",28.25,419.81
"2012-01-17",28.26,424.7
"2012-01-18",28.23,429.11
"2012-01-19",28.12,427.75
"2012-01-20",29.71,420.3
"2012-01-23",29.73,427.41
"2012-01-24",29.34,420.41
"2012-01-25",29.56,446.66
"2012-01-26",29.5,444.63
"2012-01-27",29.23,447.28
"2012-01-30",29.61,453.01
"2012-01-31",29.53,456.48
"2012-02-01",29.89,456.19
"2012-02-02",29.95,455.12
"2012-02-03",30.24,459.68
"2012-02-06",30.2,463.97
"2012-02-07",30.35,468.83
"2012-02-08",30.66,476.68
"2012-02-09",30.77,493.17
"2012-02-10",30.5,493.42
"2012-02-13",30.58,502.6
"2012-02-14",30.25,509.46
"2012-02-15",30.05,497.67
"2012-02-16",31.29,502.21
"2012-02-17",31.25,502.12
"2012-02-21",31.44,514.85
"2012-02-22",31.27,513.04
"2012-02-23",31.37,516.39
"2012-02-24",31.48,522.41
"2012-02-27",31.35,525.76
"2012-02-28",31.87,535.41
"2012-02-29",31.74,542.44
"2012-03-01",32.29,544.47
"2012-03-02",32.08,545.18
"2012-03-05",31.8,533.16
"2012-03-06",31.56,530.26
"2012-03-07",31.84,530.69
"2012-03-08",32.01,541.99
"2012-03-09",31.99,545.17
"2012-03-12",32.04,552
"2012-03-13",32.67,568.1
"2012-03-14",32.77,589.58
"2012-03-15",32.85,585.56
"2012-03-16",32.6,585.57
"2012-03-19",32.2,601.1
"2012-03-20",31.99,605.96
"2012-03-21",31.91,602.5
"2012-03-22",32,599.34
"2012-03-23",32.01,596.05
"2012-03-26",32.59,606.98
"2012-03-27",32.52,614.48
"2012-03-28",32.19,617.62
"2012-03-29",32.12,609.86
"2012-03-30",32.26,599.55
"2012-04-02",32.29,618.63
"2012-04-03",31.94,629.32
"2012-04-04",31.21,624.31
"2012-04-05",31.52,633.68
"2012-04-09",31.1,636.23
"2012-04-10",30.47,628.44
"2012-04-11",30.35,626.2
"2012-04-12",30.98,622.77
"2012-04-13",30.81,605.23
"2012-04-16",31.08,580.13
"2012-04-17",31.44,609.7
"2012-04-18",31.14,608.34
"2012-04-19",31.01,587.44
"2012-04-20",32.42,572.98
"2012-04-23",32.12,571.7
"2012-04-24",31.92,560.28
"2012-04-25",32.2,610
"2012-04-26",32.11,607.7
"2012-04-27",31.98,603
"2012-04-30",32.02,583.98
"2012-05-01",32.01,582.13
"2012-05-02",31.8,585.98
"2012-05-03",31.76,581.82
"2012-05-04",30.98,565.25
"2012-05-07",30.65,569.48
"2012-05-08",30.5,568.18
"2012-05-09",30.76,569.18
"2012-05-10",30.74,570.52
"2012-05-11",31.16,566.71
"2012-05-14",30.68,558.22
"2012-05-15",30.21,553.17
"2012-05-16",29.9,546.08
"2012-05-17",29.72,530.12
"2012-05-18",29.27,530.38
"2012-05-21",29.75,561.28
"2012-05-22",29.76,556.97
"2012-05-23",29.11,570.56
"2012-05-24",29.07,565.32
"2012-05-25",29.06,562.29
"2012-05-29",29.56,572.27
"2012-05-30",29.34,579.17
"2012-05-31",29.19,577.73
"2012-06-01",28.45,560.99
"2012-06-04",28.55,564.29
"2012-06-05",28.51,562.83
"2012-06-06",29.35,571.46
"2012-06-07",29.23,571.72
"2012-06-08",29.65,580.32
"2012-06-11",28.9,571.17
"2012-06-12",29.29,576.16
"2012-06-13",29.13,572.16
"2012-06-14",29.34,571.53
"2012-06-15",30.02,574.13
"2012-06-18",29.84,585.78
"2012-06-19",30.7,587.41
"2012-06-20",30.93,585.74
"2012-06-21",30.14,577.67
"2012-06-22",30.7,582.1
"2012-06-25",29.87,570.77
"2012-06-26",30.02,572.03
"2012-06-27",30.17,574.5
"2012-06-28",29.91,569.05
"2012-06-29",30.59,584
"2012-07-02",30.56,592.52
"2012-07-03",30.76,599.41
"2012-07-05",30.7,609.94
"2012-07-06",30.19,605.88
"2012-07-09",30,613.89
"2012-07-10",29.74,608.21
"2012-07-11",29.3,604.43
"2012-07-12",28.63,598.9
"2012-07-13",29.39,604.97
"2012-07-16",29.44,606.91
"2012-07-17",29.66,606.94
"2012-07-18",30.45,606.26
"2012-07-19",30.67,614.32
"2012-07-20",30.12,604.3
"2012-07-23",29.28,603.83
"2012-07-24",29.15,600.92
"2012-07-25",28.83,574.97
"2012-07-26",29.16,574.88
"2012-07-27",29.76,585.16
"2012-07-30",29.64,595.03
"2012-07-31",29.47,610.76
"2012-08-01",29.41,606.81
"2012-08-02",29.19,607.79
"2012-08-03",29.75,615.7
"2012-08-06",29.95,622.55
"2012-08-07",30.26,620.91
"2012-08-08",30.33,619.86
"2012-08-09",30.5,620.73
"2012-08-10",30.42,621.7
"2012-08-13",30.39,630
"2012-08-14",30.13,631.69
"2012-08-15",30.2,630.83
"2012-08-16",30.78,636.34
"2012-08-17",30.9,648.11
"2012-08-20",30.74,665.15
"2012-08-21",30.8,656.06
"2012-08-22",30.54,668.87
"2012-08-23",30.26,662.63
"2012-08-24",30.56,663.22
"2012-08-27",30.69,675.68
"2012-08-28",30.63,674.8
"2012-08-29",30.65,673.47
"2012-08-30",30.32,663.87
"2012-08-31",30.82,665.24
"2012-09-04",30.39,674.97
"2012-09-05",30.39,670.23
"2012-09-06",31.35,676.27
"2012-09-07",30.95,680.44
"2012-09-10",30.72,662.74
"2012-09-11",30.79,660.59
"2012-09-12",30.78,669.79
"2012-09-13",30.94,682.98
"2012-09-14",31.21,691.28
"2012-09-17",31.21,699.78
"2012-09-18",31.18,701.91
"2012-09-19",31.05,702.1
"2012-09-20",31.45,698.7
"2012-09-21",31.19,700.09
"2012-09-24",30.78,690.79
"2012-09-25",30.39,673.54
"2012-09-26",30.17,665.18
"2012-09-27",30.16,681.32
"2012-09-28",29.76,667.1
"2012-10-01",29.49,659.39
"2012-10-02",29.66,661.31
"2012-10-03",29.86,671.45
"2012-10-04",30.03,666.8
"2012-10-05",29.85,652.59
"2012-10-08",29.78,638.17
"2012-10-09",29.28,635.85
"2012-10-10",28.98,640.91
"2012-10-11",28.95,628.1
"2012-10-12",29.2,629.71
"2012-10-15",29.51,634.76
"2012-10-16",29.49,649.79
"2012-10-17",29.59,644.61
"2012-10-18",29.5,632.64
"2012-10-19",28.64,609.84
"2012-10-22",28,634.03
"2012-10-23",28.05,613.36
"2012-10-24",27.9,616.83
"2012-10-25",27.88,609.54
"2012-10-26",28.21,604
"2012-10-31",28.54,595.32
"2012-11-01",29.52,596.54
"2012-11-02",29.5,576.8
"2012-11-05",29.63,584.62
"2012-11-06",29.86,582.85
"2012-11-07",29.08,558
"2012-11-08",28.81,537.75
"2012-11-09",28.83,547.06
"2012-11-12",28.22,542.83
"2012-11-13",27.09,542.9
"2012-11-14",26.84,536.88
"2012-11-15",26.66,525.62
"2012-11-16",26.52,527.68
"2012-11-19",26.73,565.73
"2012-11-20",26.71,560.91
"2012-11-21",26.95,561.7
"2012-11-23",27.7,571.5
"2012-11-26",27.39,589.53
"2012-11-27",27.08,584.78
"2012-11-28",27.36,582.94
"2012-11-29",26.95,589.36
"2012-11-30",26.62,585.28
"2012-12-03",26.43,586.19
"2012-12-04",26.37,575.85
"2012-12-05",26.67,538.79
"2012-12-06",26.73,547.24
"2012-12-07",26.46,533.25
"2012-12-10",26.94,529.82
"2012-12-11",27.32,541.39
"2012-12-12",27.24,539
"2012-12-13",27.11,529.69
"2012-12-14",26.81,509.79
"2012-12-17",27.1,518.83
"2012-12-18",27.56,533.9
"2012-12-19",27.31,526.31
"2012-12-20",27.68,521.73
"2012-12-21",27.45,519.33
"2012-12-24",27.06,520.17
"2012-12-26",26.86,513
"2012-12-27",26.96,515.06
"2012-12-28",26.55,509.59
"2012-12-31",26.71,532.17
"2013-01-02",27.62,549.03
"2013-01-03",27.25,542.1
"2013-01-04",26.74,527
"2013-01-07",26.69,523.9
"2013-01-08",26.55,525.31
"2013-01-09",26.7,517.1
"2013-01-10",26.46,523.51
"2013-01-11",26.83,520.3
"2013-01-14",26.89,501.75
"2013-01-15",27.21,485.92
"2013-01-16",27.04,506.09
"2013-01-17",27.25,502.68
"2013-01-18",27.25,500
"2013-01-22",27.15,504.77
"2013-01-23",27.61,514.01
"2013-01-24",27.63,450.5
"2013-01-25",27.88,439.88
"2013-01-28",27.91,449.83
"2013-01-29",28.01,458.27
"2013-01-30",27.85,456.83
"2013-01-31",27.45,455.49
"2013-02-01",27.93,453.62
"2013-02-04",27.44,442.32
"2013-02-05",27.5,457.84
"2013-02-06",27.34,457.35
"2013-02-07",27.28,468.22
"2013-02-08",27.55,474.98
"2013-02-11",27.86,479.93
"2013-02-12",27.88,467.9
"2013-02-13",28.03,467.01
"2013-02-14",28.04,466.59
"2013-02-15",28.01,460.16
"2013-02-19",28.05,459.99
"2013-02-20",27.87,448.85
"2013-02-21",27.49,446.06
"2013-02-22",27.76,450.81
"2013-02-25",27.37,442.8
"2013-02-26",27.37,448.97
"2013-02-27",27.81,444.57
"2013-02-28",27.8,441.4
"2013-03-01",27.95,430.47
"2013-03-04",28.15,420.05
"2013-03-05",28.35,431.14
"2013-03-06",28.09,425.66
"2013-03-07",28.14,430.58
"2013-03-08",28,431.72
"2013-03-11",27.87,437.87
"2013-03-12",27.91,428.43
"2013-03-13",27.92,428.35
"2013-03-14",28.14,432.5
"2013-03-15",28.04,443.66
"2013-03-18",28.1,455.72
"2013-03-19",28.18,454.49
"2013-03-20",28.32,452.08
"2013-03-21",28.11,452.73
"2013-03-22",28.25,461.91
"2013-03-25",28.16,463.58
"2013-03-26",28.16,461.14
"2013-03-27",28.37,452.08
"2013-03-28",28.61,442.66
"2013-04-01",28.61,428.91
"2013-04-02",28.8,429.79
"2013-04-03",28.56,431.99
"2013-04-04",28.6,427.72
"2013-04-05",28.7,423.2
"2013-04-08",28.59,426.21
"2013-04-09",29.61,426.98
"2013-04-10",30.28,435.69
"2013-04-11",28.94,434.33
"2013-04-12",28.79,429.8
"2013-04-15",28.69,419.85
"2013-04-16",28.97,426.24
"2013-04-17",28.83,402.8
"2013-04-18",28.79,392.05
"2013-04-19",29.77,390.53
"2013-04-22",30.83,398.67
"2013-04-23",30.6,406.13
"2013-04-24",31.76,405.46
"2013-04-25",31.94,408.38
"2013-04-26",31.79,417.2
"2013-04-29",32.61,430.12
"2013-04-30",33.1,442.78
"2013-05-01",32.72,439.29
"2013-05-02",33.16,445.52
"2013-05-03",33.49,449.98
"2013-05-06",33.75,460.71
"2013-05-07",33.31,458.66
"2013-05-08",32.99,463.84
"2013-05-09",32.66,456.77
"2013-05-10",32.69,452.97
"2013-05-13",33.03,454.74
"2013-05-14",33.53,443.86
"2013-05-15",33.85,428.85
"2013-05-16",34.08,434.58
"2013-05-17",34.87,433.26
"2013-05-20",35.08,442.93
"2013-05-21",34.85,439.66
"2013-05-22",34.61,441.35
"2013-05-23",34.15,442.14
"2013-05-24",34.27,445.15
"2013-05-28",35.02,441.44
"2013-05-29",34.88,444.95
"2013-05-30",35.03,451.58
"2013-05-31",34.9,449.73
"2013-06-03",35.59,450.72
"2013-06-04",34.99,449.31
"2013-06-05",34.78,445.11
"2013-06-06",34.96,438.46
"2013-06-07",35.67,441.81
"2013-06-10",35.47,438.89
"2013-06-11",34.84,437.6
"2013-06-12",35,432.19
"2013-06-13",34.72,435.96
"2013-06-14",34.4,430.05
"2013-06-17",35,432
"2013-06-18",34.98,431.77
"2013-06-19",34.59,423
"2013-06-20",33.49,416.84
"2013-06-21",33.27,413.5
"2013-06-24",33.72,402.54
"2013-06-25",33.67,402.63
"2013-06-26",34.35,398.07
"2013-06-27",34.62,393.78
"2013-06-28",34.54,396.53
"2013-07-01",34.36,409.22
"2013-07-02",33.94,418.49
"2013-07-03",34.01,420.8
"2013-07-05",34.21,417.42
"2013-07-08",34.33,415.05
"2013-07-09",34.35,422.35
"2013-07-10",34.7,420.73
"2013-07-11",35.69,427.29
"2013-07-12",35.67,426.51
"2013-07-15",36.17,427.44
"2013-07-16",36.27,430.2
"2013-07-17",35.74,430.31
"2013-07-18",35.44,431.76
"2013-07-19",31.4,424.95
"2013-07-22",32.01,426.31
"2013-07-23",31.82,418.99
"2013-07-24",31.96,440.51
"2013-07-25",31.39,438.5
"2013-07-26",31.62,440.99
"2013-07-29",31.54,447.79
"2013-07-30",31.85,453.32
"2013-07-31",31.84,452.53
"2013-08-01",31.67,456.68
"2013-08-02",31.89,462.54
"2013-08-05",31.7,469.45
"2013-08-06",31.58,465.25
"2013-08-07",32.06,464.98
"2013-08-08",32.89,461.01
"2013-08-09",32.7,454.45
"2013-08-12",32.87,467.36
"2013-08-13",32.23,489.57
"2013-08-14",32.35,498.5
"2013-08-15",31.79,497.91
"2013-08-16",31.8,502.33
"2013-08-19",31.39,507.74
"2013-08-20",31.62,501.07
"2013-08-21",31.61,502.36
"2013-08-22",32.39,502.96
"2013-08-23",34.75,501.02
"2013-08-26",34.15,502.97
"2013-08-27",33.26,488.59
"2013-08-28",33.02,490.9
"2013-08-29",33.55,491.7
"2013-08-30",33.4,487.22
"2013-09-03",31.88,488.58
"2013-09-04",31.2,498.69
"2013-09-05",31.23,495.27
"2013-09-06",31.15,498.22
"2013-09-09",31.66,506.17
"2013-09-10",32.39,494.64
"2013-09-11",32.74,467.71
"2013-09-12",32.69,472.69
"2013-09-13",33.03,464.9
"2013-09-16",32.8,450.12
"2013-09-17",32.93,455.32
"2013-09-18",33.32,464.68
"2013-09-19",33.64,472.3
"2013-09-20",32.79,467.41
"2013-09-23",32.74,490.64
"2013-09-24",32.45,489.1
"2013-09-25",32.51,481.53
"2013-09-26",32.77,486.22
"2013-09-27",33.27,482.75
"2013-09-30",33.28,476.75
"2013-10-01",33.58,487.96
"2013-10-02",33.92,489.56
"2013-10-03",33.86,483.41
"2013-10-04",33.88,483.03
"2013-10-07",33.3,487.75
"2013-10-08",33.01,480.94
"2013-10-09",33.07,486.59
"2013-10-10",33.76,489.64
"2013-10-11",34.13,492.81
"2013-10-14",34.45,496.04
"2013-10-15",34.49,498.68
"2013-10-16",34.64,501.11
"2013-10-17",34.92,504.5
"2013-10-18",34.96,508.89
"2013-10-21",34.99,521.36
"2013-10-22",34.58,519.87
"2013-10-23",33.76,524.96
"2013-10-24",33.72,531.91
"2013-10-25",35.73,525.96
"2013-10-28",35.57,529.88
"2013-10-29",35.52,516.68
"2013-10-30",35.54,524.9
"2013-10-31",35.41,522.7
"2013-11-01",35.53,520.03
"2013-11-04",35.94,526.75
"2013-11-05",36.64,525.45
"2013-11-06",38.18,520.92
"2013-11-07",37.5,512.49
"2013-11-08",37.78,520.56
"2013-11-11",37.59,519.05
"2013-11-12",37.36,520.01
"2013-11-13",38.16,520.63
"2013-11-14",38.02,528.16
"2013-11-15",37.84,524.99
"2013-11-18",37.2,518.63
"2013-11-19",36.74,519.55
"2013-11-20",37.08,515
"2013-11-21",37.4,521.14
"2013-11-22",37.57,519.8
"2013-11-25",37.64,523.74
"2013-11-26",37.35,533.4
"2013-11-27",37.6,545.96
"2013-11-29",38.13,556.07
"2013-12-02",38.45,551.23
"2013-12-03",38.31,566.32
"2013-12-04",38.94,565
"2013-12-05",38,567.9
"2013-12-06",38.36,560.02
"2013-12-09",38.71,566.43
"2013-12-10",38.11,565.55
"2013-12-11",37.61,561.36
"2013-12-12",37.22,560.54
"2013-12-13",36.69,554.43
"2013-12-16",36.89,557.5
"2013-12-17",36.52,554.99
"2013-12-18",36.58,550.77
"2013-12-19",36.25,544.46
"2013-12-20",36.8,549.02
"2013-12-23",36.62,570.09
"2013-12-24",37.08,567.67
"2013-12-26",37.44,563.9
"2013-12-27",37.29,560.09
"2013-12-30",37.29,554.52
"2013-12-31",37.41,561.02
"2014-01-02",37.16,553.13
"2014-01-03",36.91,540.98
"2014-01-06",36.13,543.93
"2014-01-07",36.41,540.04
"2014-01-08",35.76,543.46
"2014-01-09",35.53,536.52
"2014-01-10",36.04,532.94
"2014-01-13",34.98,535.73
"2014-01-14",35.78,546.39
"2014-01-15",36.76,557.36
"2014-01-16",36.89,554.25
"2014-01-17",36.38,540.67
"2014-01-21",36.17,549.07
"2014-01-22",35.93,551.51
"2014-01-23",36.06,556.18
"2014-01-24",36.81,546.07
"2014-01-27",36.03,550.5
"2014-01-28",36.27,506.5
"2014-01-29",36.66,500.75
"2014-01-30",36.86,499.78
"2014-01-31",37.84,500.6
"2014-02-03",36.48,501.53
"2014-02-04",36.35,508.79
"2014-02-05",35.82,512.59
"2014-02-06",36.18,512.51
"2014-02-07",36.56,519.68
"2014-02-10",36.8,528.99
"2014-02-11",37.17,535.96
"2014-02-12",37.47,535.92
"2014-02-13",37.61,544.43
"2014-02-14",37.62,543.99
"2014-02-18",37.42,545.99
"2014-02-19",37.51,537.37
"2014-02-20",37.75,531.15
"2014-02-21",37.98,525.25
"2014-02-24",37.69,527.55
"2014-02-25",37.54,522.06
"2014-02-26",37.47,517.35
"2014-02-27",37.86,527.67
"2014-02-28",38.31,526.24
"2014-03-03",37.78,527.76
"2014-03-04",38.41,531.24
"2014-03-05",38.11,532.36
"2014-03-06",38.15,530.75
"2014-03-07",37.9,530.44
"2014-03-10",37.82,530.92
"2014-03-11",38.02,536.09
"2014-03-12",38.27,536.61
"2014-03-13",37.89,530.65
"2014-03-14",37.7,524.69
"2014-03-17",38.05,526.74
"2014-03-18",39.55,531.4
"2014-03-19",39.27,531.26
"2014-03-20",40.33,528.7
"2014-03-21",40.16,532.87
"2014-03-24",40.5,539.19
"2014-03-25",40.34,544.99
"2014-03-26",39.79,539.78
"2014-03-27",39.36,537.46
"2014-03-28",40.3,536.86
"2014-03-31",40.99,536.74
"2014-04-01",41.42,541.65
"2014-04-02",41.35,542.55
"2014-04-03",41.01,538.79
"2014-04-04",39.87,531.82
"2014-04-07",39.8,523.47
"2014-04-08",39.82,523.44
"2014-04-09",40.47,530.32
"2014-04-10",39.36,523.48
"2014-04-11",39.21,519.61
"2014-04-14",39.18,521.68
"2014-04-15",39.75,517.96
"2014-04-16",40.4,519.01
"2014-04-17",40.01,524.94
"2014-04-21",39.94,531.17
"2014-04-22",39.99,531.7
"2014-04-23",39.69,524.75
"2014-04-24",39.86,567.77
"2014-04-25",39.91,571.94
"2014-04-28",40.87,594.09
"2014-04-29",40.51,592.33
"2014-04-30",40.4,590.09
"2014-05-01",40,591.48
"2014-05-02",39.69,592.58
"2014-05-05",39.43,600.96
"2014-05-06",39.06,594.41
"2014-05-07",39.42,592.33
"2014-05-08",39.64,587.99
"2014-05-09",39.54,585.54
"2014-05-12",39.97,592.83
"2014-05-13",40.42,593.76
"2014-05-14",40.24,593.87
"2014-05-15",39.6,588.82
"2014-05-16",39.83,597.51
"2014-05-19",39.75,604.59
"2014-05-20",39.68,604.71
"2014-05-21",40.35,606.31
"2014-05-22",40.1,607.27
"2014-05-23",40.12,614.13
"2014-05-27",40.19,625.63
"2014-05-28",40.01,624.01
"2014-05-29",40.34,635.38
"2014-05-30",40.94,633
"2014-06-02",40.79,628.65
"2014-06-03",40.29,637.54
"2014-06-04",40.32,644.82
"2014-06-05",41.21,647.35
"2014-06-06",41.48,645.57
"2014-06-09",41.27,93.7
"2014-06-10",41.11,94.25
"2014-06-11",40.86,93.86
"2014-06-12",40.58,92.29
"2014-06-13",41.23,91.28
"2014-06-16",41.5,92.2
"2014-06-17",41.68,92.08
"2014-06-18",41.65,92.18
"2014-06-19",41.51,91.86
"2014-06-20",41.68,90.91
"2014-06-23",41.99,90.83
"2014-06-24",41.75,90.28
"2014-06-25",42.03,90.36
"2014-06-26",41.72,90.9
"2014-06-27",42.25,91.98
"2014-06-30",41.7,92.93
"2014-07-01",41.87,93.52
"2014-07-02",41.9,93.48
"2014-07-03",41.8,94.03
"2014-07-07",41.99,95.97
"2014-07-08",41.78,95.35
"2014-07-09",41.67,95.39
"2014-07-10",41.69,95.04
"2014-07-11",42.09,95.22
"2014-07-14",42.14,96.45
"2014-07-15",42.45,95.32
"2014-07-16",44.08,94.78
"2014-07-17",44.53,93.09
"2014-07-18",44.69,94.43
"2014-07-21",44.84,93.94
"2014-07-22",44.83,94.72
"2014-07-23",44.87,97.19
"2014-07-24",44.4,97.03
"2014-07-25",44.5,97.67
"2014-07-28",43.97,99.02
"2014-07-29",43.89,98.38
"2014-07-30",43.58,98.15
"2014-07-31",43.16,95.6
"2014-08-01",42.86,96.13
"2014-08-04",43.37,95.59
"2014-08-05",43.08,95.12
"2014-08-06",42.74,94.96
"2014-08-07",43.23,94.48
"2014-08-08",43.2,94.74
"2014-08-11",43.2,95.99
"2014-08-12",43.52,95.97
"2014-08-13",44.08,97.24
"2014-08-14",44.27,97.5
"2014-08-15",44.79,97.98
"2014-08-18",45.11,99.16
"2014-08-19",45.33,100.53
"2014-08-20",44.95,100.57
"2014-08-21",45.22,100.58
"2014-08-22",45.15,101.32
"2014-08-25",45.17,101.54
"2014-08-26",45.01,100.89
"2014-08-27",44.87,102.13
"2014-08-28",44.88,102.25
"2014-08-29",45.43,102.5
"2014-09-02",45.09,103.3
"2014-09-03",44.96,98.94
"2014-09-04",45.26,98.12
"2014-09-05",45.91,98.97
"2014-09-08",46.47,98.36
"2014-09-09",46.76,97.99
"2014-09-10",46.84,101
"2014-09-11",47,101.43
"2014-09-12",46.7,101.66
"2014-09-15",46.24,101.63
"2014-09-16",46.76,100.86
"2014-09-17",46.52,101.58
"2014-09-18",46.68,101.79
"2014-09-19",47.52,100.96
"2014-09-22",47.06,101.06
"2014-09-23",46.56,102.64
"2014-09-24",47.08,101.75
"2014-09-25",46.04,97.87
"2014-09-26",46.41,100.75
"2014-09-29",46.44,100.11
"2014-09-30",46.36,100.75
"2014-10-01",45.9,99.18
"2014-10-02",45.76,99.9
"2014-10-03",46.09,99.62
"2014-10-06",46.09,99.62
"2014-10-07",45.53,98.75
"2014-10-08",46.78,100.8
"2014-10-09",45.85,101.02
"2014-10-10",44.03,100.73
"2014-10-13",43.65,99.81
"2014-10-14",43.73,98.75
"2014-10-15",43.22,97.54
"2014-10-16",42.74,96.26
"2014-10-17",43.63,97.67
"2014-10-20",44.08,99.76
"2014-10-21",44.88,102.47
"2014-10-22",44.38,102.99
"2014-10-23",45.02,104.83
"2014-10-24",46.13,105.22
"2014-10-27",45.91,105.11
"2014-10-28",46.49,106.74
"2014-10-29",46.62,107.34
"2014-10-30",46.05,106.98
"2014-10-31",46.95,108
"2014-11-03",47.44,109.4
"2014-11-04",47.57,108.6
"2014-11-05",47.86,108.86
"2014-11-06",48.7,108.7
"2014-11-07",48.68,109.01
"2014-11-10",48.89,108.83
"2014-11-11",48.87,109.7
"2014-11-12",48.78,111.25
"2014-11-13",49.61,112.82
"2014-11-14",49.58,114.18
"2014-11-17",49.46,113.99
"2014-11-18",48.74,115.47
"2014-11-19",48.22,114.67
"2014-11-20",48.7,116.31
"2014-11-21",47.98,116.47
"2014-11-24",47.59,118.63
"2014-11-25",47.47,117.6
"2014-11-26",47.75,119
"2014-11-28",47.81,118.93
"2014-12-01",48.62,115.07
"2014-12-02",48.46,114.63
"2014-12-03",48.08,115.93
"2014-12-04",48.84,115.49
"2014-12-05",48.42,115
"2014-12-08",47.7,112.4
"2014-12-09",47.59,114.12
"2014-12-10",46.9,111.95
"2014-12-11",47.17,111.62
"2014-12-12",46.95,109.73
"2014-12-15",46.67,108.23
"2014-12-16",45.16,106.75
"2014-12-17",45.74,109.41
"2014-12-18",47.52,112.65
"2014-12-19",47.66,111.78
"2014-12-22",47.98,112.94
"2014-12-23",48.45,112.54
"2014-12-24",48.14,112.01
"2014-12-26",47.88,113.99
"2014-12-29",47.45,113.91
"2014-12-30",47.02,112.52
"2014-12-31",46.45,110.38
"2015-01-02",46.76,109.33
"2015-01-05",46.33,106.25
"2015-01-06",45.65,106.26
"2015-01-07",46.23,107.75
"2015-01-08",47.59,111.89
"2015-01-09",47.19,112.01
